{"cameraMode":{"drawMode":0,"name":"Shaded","section":"Shading Mode"},"sceneLighting":false,"audioPlay":false,"sceneViewState":{"m_AlwaysRefresh":false,"showFog":true,"showSkybox":false,"showFlares":true,"showImageEffects":true,"showParticleSystems":true,"showVisualEffectGraphs":true,"m_FxEnabled":true},"in2DMode":false,"pivot":{"x":4.835498332977295,"y":-1.7208274602890015,"z":0.5804815888404846},"rotation":{"x":-0.02219037525355816,"y":-0.7396131157875061,"z":0.024417473003268243,"w":-0.6722234487533569},"size":2.3887481689453127,"orthographic":true}